City_ID,City,Country,Lat,Lng,Max Temp,Humidity,Cloudiness,Wind Speed,Current Description
0,East London,ZA,-33.0153,27.9116,68.0,70,100,6.15,overcast clouds
1,Rikitea,PF,-23.1203,-134.9692,79.79,81,100,23.82,light rain
2,Nchelenge,ZM,-9.3451,28.734,71.01,80,100,1.52,overcast clouds
3,Tessalit,ML,20.1986,1.0114,84.7,9,71,7.18,broken clouds
4,Nome,US,64.5011,-165.4064,-5.13,89,3,7.65,clear sky
5,Vaini,TO,-21.2,-175.2,80.8,77,100,5.59,light rain
6,Barrow,US,71.2906,-156.7887,-11.18,77,40,8.05,mist
7,Iida,JP,35.5197,137.8207,43.03,60,7,3.2,clear sky
8,Chokurdakh,RU,70.6333,147.9167,-19.82,97,50,9.78,scattered clouds
9,Sokolka,PL,53.4072,23.5023,38.66,75,6,9.91,clear sky
10,Pljevlja,ME,43.3333,19.3333,38.41,95,100,2.37,overcast clouds
11,Tasiilaq,GL,65.6145,-37.6368,23.16,92,100,7.63,overcast clouds
12,Nikolskoye,RU,59.7035,30.7861,35.71,88,98,3.71,overcast clouds
13,Longyearbyen,SJ,78.2186,15.6401,37.24,48,20,17.27,few clouds
14,Mayumba,GA,-3.432,10.6554,79.41,86,54,9.04,broken clouds
15,Beringovskiy,RU,63.05,179.3167,-12.57,91,14,6.6,few clouds
16,Nichinan,JP,31.6,131.3667,58.44,57,100,3.76,overcast clouds
17,Hilo,US,19.7297,-155.09,77.25,100,100,7.0,moderate rain
18,Esperance,AU,-33.8667,121.9,65.77,91,0,7.05,clear sky
19,Dhanera,IN,24.5167,72.0167,76.26,36,45,7.4,scattered clouds
20,Hermanus,ZA,-34.4187,19.2345,64.8,74,0,13.8,clear sky
21,Changqing,CN,36.5575,116.7272,38.77,48,100,18.63,overcast clouds
22,Albany,US,42.6001,-73.9662,58.64,54,28,1.99,scattered clouds
23,Meulaboh,ID,4.1363,96.1285,74.35,96,100,7.96,moderate rain
24,Antofagasta,CL,-23.65,-70.4,73.22,64,13,8.88,few clouds
25,Georgetown,MY,5.4112,100.3354,78.73,99,20,3.44,few clouds
26,Boa Vista,BR,2.8197,-60.6733,84.94,60,75,7.74,broken clouds
27,Kavieng,PG,-2.5744,150.7967,83.61,70,52,14.0,broken clouds
28,Mataura,NZ,-46.1927,168.8643,44.47,99,88,2.46,overcast clouds
29,Sayansk,RU,54.1088,102.1648,-4.02,99,100,1.36,overcast clouds
30,Nanortalik,GL,60.1432,-45.2371,9.57,67,71,10.87,broken clouds
31,Kangaatsiaq,GL,68.3065,-53.4641,-6.23,86,74,2.06,broken clouds
32,Kapaa,US,22.0752,-159.319,77.11,79,100,5.59,overcast clouds
33,Chuy,UY,-33.6971,-53.4616,78.39,66,68,11.41,broken clouds
34,Punta Arenas,CL,-53.15,-70.9167,46.51,81,75,16.11,shower rain
35,Grand Gaube,MU,-20.0064,57.6608,81.0,88,42,6.53,scattered clouds
36,Vagur,FO,61.4732,-6.8119,42.13,72,63,24.07,light rain
37,Cape Town,ZA,-33.9258,18.4232,68.34,72,0,15.68,clear sky
38,Hithadhoo,MV,-0.6,73.0833,84.06,72,100,8.48,overcast clouds
39,Souillac,MU,-20.5167,57.5167,80.98,89,40,2.3,scattered clouds
40,Puerto Ayora,EC,-0.7393,-90.3518,83.55,83,91,5.99,overcast clouds
41,Kupino,RU,54.3663,77.2981,-4.31,100,82,5.1,broken clouds
42,Butaritari,KI,3.0707,172.7902,81.28,78,10,20.69,clear sky
43,Victoria,HK,22.2855,114.1577,73.94,92,100,5.01,overcast clouds
44,Jamestown,US,42.097,-79.2353,63.01,31,0,10.0,clear sky
45,Saldanha,ZA,-33.0117,17.9442,64.36,82,0,17.09,clear sky
46,Tula,RU,54.2044,37.6111,12.9,91,22,6.29,few clouds
47,Ushuaia,AR,-54.8,-68.3,37.81,95,100,6.62,light rain
48,Pangnirtung,CA,66.1451,-65.7125,-9.18,95,100,2.82,overcast clouds
49,Clyde River,CA,70.4692,-68.5914,-18.17,69,100,0.0,haze
50,Busselton,AU,-33.65,115.3333,67.55,80,100,2.48,overcast clouds
51,Traverse City,US,44.7631,-85.6206,57.61,57,100,3.0,overcast clouds
52,Bredasdorp,ZA,-34.5322,20.0403,65.23,73,0,10.22,clear sky
53,San Patricio,US,28.017,-97.5169,82.49,33,0,9.24,clear sky
54,Cabo San Lucas,MX,22.8909,-109.9124,83.61,43,10,8.84,clear sky
55,Dharchula,IN,29.85,80.5333,62.33,22,0,9.08,clear sky
56,Wexford,IE,52.3342,-6.4575,47.21,74,4,7.85,clear sky
57,Ola,RU,59.5833,151.2833,6.6,83,100,5.82,overcast clouds
58,Namanga,KE,-2.5433,36.7905,74.3,57,98,12.64,light rain
59,Simbahan,PH,6.3032,120.5836,82.81,74,45,1.34,scattered clouds
60,Lebu,CL,-37.6167,-73.65,62.11,77,100,9.86,overcast clouds
61,Los Llanos De Aridane,ES,28.6585,-17.9182,62.35,71,40,19.57,scattered clouds
62,Wyndham,US,37.6985,-77.6125,73.78,41,100,8.99,overcast clouds
63,Sitka,US,57.0531,-135.33,39.36,92,100,10.02,light rain
64,Lagos,NG,6.5833,3.75,82.38,78,21,7.36,few clouds
65,Kempsey,AU,-31.0833,152.8333,63.95,96,25,1.99,scattered clouds
66,Kruisfontein,ZA,-34.0033,24.7314,58.89,81,0,1.32,clear sky
67,Athabasca,CA,54.7169,-113.2854,41.41,98,9,10.18,clear sky
68,Kampene,CD,-3.6,26.6667,69.46,99,100,2.89,heavy intensity rain
69,Luba,GQ,3.4568,8.5547,81.7,78,4,5.06,clear sky
70,Tuatapere,NZ,-46.1333,167.6833,44.94,97,66,4.03,broken clouds
71,Torbay,CA,47.6666,-52.7314,28.76,56,75,10.36,broken clouds
72,Koungou,YT,-12.7336,45.2042,80.31,89,0,1.14,clear sky
73,Broome,US,42.2506,-75.833,62.67,49,0,5.99,clear sky
74,Miandrivazo,MG,-19.5167,45.4667,77.11,94,100,3.71,heavy intensity rain
75,Hobart,AU,-42.8794,147.3294,63.27,88,75,6.91,broken clouds
76,Castro,BR,-24.7911,-50.0119,68.29,90,98,7.05,light rain
77,Tiksi,RU,71.6872,128.8694,-13.27,97,100,8.25,overcast clouds
78,Seidu,SL,9.0167,-10.6,74.86,74,98,3.18,moderate rain
79,Mehamn,NO,71.0357,27.8492,30.11,75,2,17.45,clear sky
80,Saint-Philippe,RE,-21.3585,55.7679,80.19,88,46,7.78,light rain
81,Valparaiso,CL,-33.0393,-71.6273,67.64,77,75,10.36,broken clouds
82,El Alto,PE,-4.2714,-81.2147,78.08,67,83,13.82,broken clouds
83,Mahebourg,MU,-20.4081,57.7,80.89,89,40,2.3,scattered clouds
84,Bairiki,KI,1.3292,172.9752,80.49,80,62,18.9,broken clouds
85,Nhulunbuy,AU,-12.2333,136.7667,79.41,94,72,0.0,broken clouds
86,Madang,PG,-5.2246,145.7966,75.92,90,44,2.17,scattered clouds
87,Banjar,ID,-8.19,114.9675,78.01,92,65,4.79,broken clouds
88,Beaupre,CA,47.0443,-70.8953,35.08,98,99,11.59,overcast clouds
89,Hay River,CA,60.8156,-115.7999,13.98,73,100,2.3,overcast clouds
90,Myitkyina,MM,25.3833,97.4,70.61,46,0,1.97,clear sky
91,Sinnamary,GF,5.3833,-52.95,79.02,85,76,13.62,light rain
92,Iqaluit,CA,63.7506,-68.5145,-0.31,59,100,5.01,overcast clouds
93,Provideniya,RU,64.3833,-173.3,3.16,75,3,5.82,clear sky
94,Oia,PT,40.5426,-8.5386,58.39,82,97,4.0,overcast clouds
95,Praia,CV,14.9215,-23.5087,70.34,64,40,23.02,scattered clouds
96,Bluff,NZ,-46.6,168.3333,44.8,88,72,14.03,broken clouds
97,Kalas,IN,18.1667,74.8,83.05,19,26,7.02,scattered clouds
98,Aquin,HT,18.2833,-73.4,81.61,62,21,8.03,light rain
99,Kaitangata,NZ,-46.2817,169.8464,51.96,86,100,9.64,overcast clouds
100,Champerico,GT,14.3,-91.9167,95.54,53,1,11.25,clear sky
101,Sherbakul,RU,54.6316,72.3963,-8.19,100,97,4.7,overcast clouds
102,Rensvik,NO,63.1,7.8167,48.47,49,75,4.61,broken clouds
103,Fureidis,IL,32.5986,34.9558,50.13,54,6,1.54,clear sky
104,Arraial Do Cabo,BR,-22.9661,-42.0278,79.59,80,0,25.14,clear sky
105,Luderitz,NA,-26.6481,15.1594,65.84,75,100,15.32,overcast clouds
106,Avarua,CK,-21.2078,-159.775,80.65,78,0,3.44,clear sky
107,Maragogi,BR,-9.0122,-35.2225,82.08,76,100,8.1,light rain
108,Samarai,PG,-10.6167,150.6667,82.58,77,95,13.44,overcast clouds
109,Upernavik,GL,72.7868,-56.1549,-12.23,78,100,3.4,overcast clouds
110,Omsukchan,RU,62.5333,155.8,-14.1,93,22,3.33,few clouds
111,Bethel,US,41.3712,-73.414,65.17,46,0,4.61,clear sky
112,Atuona,PF,-9.8,-139.0333,78.3,75,14,14.94,few clouds
113,Jalu,LY,29.0331,21.5482,58.46,32,0,8.16,clear sky
114,Ribeira Grande,PT,38.5167,-28.7,59.4,67,75,16.11,broken clouds
115,Okhotsk,RU,59.3833,143.3,-6.5,93,18,7.96,few clouds
116,Coihaique,CL,-45.5752,-72.0662,56.43,71,52,9.95,broken clouds
117,Filadelfia,US,39.9523,-75.1638,72.34,36,1,5.99,clear sky
118,Yulara,AU,-25.2406,130.9889,75.94,36,5,8.46,clear sky
119,Cap Malheureux,MU,-19.9842,57.6142,79.47,88,46,6.24,scattered clouds
120,Goundi,TD,9.3627,17.366,88.16,11,55,4.92,broken clouds
121,Saskylakh,RU,71.9167,114.0833,-23.66,99,72,6.38,broken clouds
122,Gallup,US,35.5281,-108.7426,57.02,19,94,3.0,overcast clouds
123,Touros,BR,-5.1989,-35.4608,84.0,67,93,10.8,light rain
124,Isangel,VU,-19.55,169.2667,79.92,86,100,3.89,overcast clouds
125,Inirida,CO,3.8653,-67.9239,80.65,78,99,2.37,light rain
126,Sechura,PE,-5.5569,-80.8222,86.29,51,63,15.41,broken clouds
127,Novaya Lyalya,RU,59.055,60.599,12.24,96,100,3.53,overcast clouds
128,Narok,KE,-1.0783,35.8601,65.97,55,75,0.94,broken clouds
129,Yellowknife,CA,62.456,-114.3525,11.41,68,75,0.0,broken clouds
130,Lasa,IT,46.6166,10.7002,46.02,72,11,3.33,few clouds
131,Constitucion,CL,-35.3333,-72.4167,65.97,74,100,5.79,overcast clouds
132,New Norfolk,AU,-42.7826,147.0587,62.92,75,100,1.01,overcast clouds
133,Whitehorse,CA,60.7161,-135.0538,35.02,71,100,5.01,overcast clouds
134,Tilichiki,RU,60.4667,166.1,-6.05,92,7,7.56,clear sky
135,Coahuayana,MX,18.7333,-103.6833,90.25,33,0,7.81,clear sky
136,Bhimavaram,IN,16.5333,81.5333,75.47,84,94,3.15,overcast clouds
137,Lagoa,PT,39.05,-27.9833,57.49,65,100,15.9,overcast clouds
138,Skala,PL,50.2305,19.8536,43.52,59,0,6.91,clear sky
139,Kharp,RU,66.8014,65.8081,14.13,90,51,8.28,broken clouds
140,Necocli,CO,8.4234,-76.786,84.6,68,92,6.67,overcast clouds
141,Bathsheba,BB,13.2167,-59.5167,79.9,62,6,20.58,clear sky
142,Labuhan,ID,-6.8844,112.2051,77.58,89,8,6.71,clear sky
143,Dikson,RU,73.5069,80.5464,5.04,98,100,16.22,overcast clouds
144,Hurghada,EG,27.2574,33.8129,56.68,39,0,13.69,clear sky
145,Fairbanks,US,64.8378,-147.7164,13.98,65,0,6.91,clear sky
146,Buraydah,SA,26.326,43.975,52.75,26,0,12.84,clear sky
147,Izumo,JP,35.3667,132.7667,47.84,91,100,8.72,overcast clouds
148,Qaanaaq,GL,77.484,-69.3632,-8.82,75,100,8.23,overcast clouds
149,Babu,CN,24.4167,111.5167,70.48,93,81,3.62,light rain
150,Itarema,BR,-2.9248,-39.9167,79.88,84,100,7.94,light rain
151,Saint-Pierre,RE,-21.3393,55.4781,80.28,84,100,5.75,overcast clouds
152,Geraldton,AU,-28.7667,114.6,61.21,88,0,8.05,clear sky
153,Inta,RU,66.0317,60.1659,20.46,95,98,11.61,overcast clouds
154,Havre,FR,49.5833,0.3333,49.33,93,100,12.66,light rain
155,San Quintin,MX,30.4833,-115.95,64.62,71,0,18.86,clear sky
156,Kirensk,RU,57.7853,108.1119,7.45,98,100,2.21,light snow
157,Kailua,US,21.4022,-157.7394,82.38,77,75,6.91,broken clouds
158,Pathankot,IN,32.2833,75.65,71.08,49,2,4.72,clear sky
159,Severo-Kurilsk,RU,50.6789,156.125,27.72,81,61,11.61,broken clouds
160,Mayor Pablo Lagerenza,PY,-19.9309,-60.7718,96.17,17,7,2.48,clear sky
161,Ostrovnoy,RU,68.0531,39.5131,27.64,76,4,13.24,clear sky
162,Arica,CL,-18.475,-70.3042,83.75,69,6,8.48,clear sky
163,Belyy Yar,RU,53.6039,91.3903,17.49,84,75,4.47,light shower snow
164,Prince Rupert,CA,54.3161,-130.3201,41.32,92,100,12.37,light rain
165,Guerrero Negro,MX,27.9769,-114.0611,67.95,62,0,17.9,clear sky
166,Sao Felix Do Xingu,BR,-6.6447,-51.995,83.5,71,100,1.97,light rain
167,Solnechnyy,RU,50.7214,136.6319,17.98,97,100,3.31,light snow
168,Mount Isa,AU,-20.7333,139.5,76.77,53,98,5.75,overcast clouds
169,Maun,BW,-19.9833,23.4167,72.86,74,64,4.54,light rain
170,Ancud,CL,-41.8697,-73.8203,51.22,95,100,15.17,heavy intensity rain
171,Amudat,UG,1.95,34.95,80.22,37,69,9.89,broken clouds
172,Komsomolskiy,UZ,40.4272,71.7189,48.92,87,75,9.22,mist
173,Namibe,AO,-15.1961,12.1522,72.32,72,5,6.49,clear sky
174,Vestmannaeyjar,IS,63.4427,-20.2734,35.53,62,100,32.7,light rain
175,Ilulissat,GL,69.2167,-51.1,-2.18,46,20,9.22,few clouds
176,Opuwo,NA,-18.0607,13.84,71.04,50,11,8.9,few clouds
177,Huilong,CN,31.8111,121.655,54.93,98,100,17.13,overcast clouds
178,Porto Novo,BJ,6.4965,2.6036,83.21,72,100,8.12,overcast clouds
179,Millinocket,US,45.6573,-68.7098,39.79,85,93,7.67,overcast clouds
180,La Ronge,CA,55.1001,-105.2842,25.02,93,100,8.05,light snow
181,Menongue,AO,-14.6585,17.691,65.39,80,34,2.95,scattered clouds
182,Manacapuru,BR,-3.2997,-60.6206,86.18,66,99,2.28,light rain
183,Pevek,RU,69.7008,170.3133,-8.72,95,100,6.42,overcast clouds
184,Itoman,JP,26.1247,127.6694,72.37,83,40,11.5,scattered clouds
185,Balabac,PH,7.9868,117.0645,82.0,78,15,7.02,few clouds
186,Havre-Saint-Pierre,CA,50.2334,-63.5986,23.36,74,100,6.91,light snow
187,Faanui,PF,-16.4833,-151.75,81.36,65,5,5.39,clear sky
188,Hofn,IS,64.2539,-15.2082,32.02,93,100,14.97,shower snow
189,Bandarbeyla,SO,9.4942,50.8122,77.41,73,4,8.99,clear sky
190,Banes,CU,20.9625,-75.7186,84.51,49,4,18.03,clear sky
191,Port Alfred,ZA,-33.5906,26.891,66.88,70,3,5.39,clear sky
192,Lompoc,US,34.6391,-120.4579,75.56,53,0,14.97,clear sky
193,Waipawa,NZ,-41.4122,175.5153,51.35,85,100,8.81,light rain
194,Massa Marittima,IT,43.049,10.8928,53.49,86,100,2.77,overcast clouds
195,Dom Pedrito,BR,-30.9828,-54.6731,83.57,54,94,7.25,overcast clouds
196,Strezhevoy,RU,60.7333,77.5889,21.13,95,100,12.91,light snow
197,Hamilton,US,39.1834,-84.5333,71.04,35,0,12.66,clear sky
198,Taonan,CN,45.3333,122.7833,9.12,76,0,5.84,clear sky
199,Sabang,ID,5.8933,95.3214,79.27,81,100,8.68,light rain
200,San Andres,CO,12.5847,-81.7006,87.82,62,40,13.8,scattered clouds
201,Arles,FR,43.6768,4.6303,57.69,76,0,3.44,clear sky
202,Saint-Joseph,RE,-21.3667,55.6167,79.18,88,33,7.76,scattered clouds
203,Thompson,CA,55.7435,-97.8558,24.37,87,100,2.3,overcast clouds
204,Rovaniemi,FI,66.5,25.7167,31.41,80,0,12.66,clear sky
205,Lata,PT,40.1629,-8.3327,57.07,93,100,3.4,overcast clouds
206,Port Elizabeth,ZA,-33.918,25.5701,61.32,87,0,2.62,clear sky
207,Mount Gambier,AU,-37.8333,140.7667,62.46,94,2,4.59,clear sky
208,Dunedin,NZ,-45.8742,170.5036,50.81,87,100,3.0,overcast clouds
209,Terrace,CA,54.5163,-128.6035,40.51,95,100,3.13,light rain
210,Ahipara,NZ,-35.1667,173.1667,62.11,85,100,5.82,overcast clouds
211,San Vicente,AR,-26.6167,-54.1333,87.4,35,36,3.58,scattered clouds
212,Yuncheng,CN,35.0231,110.9928,50.5,71,100,6.08,overcast clouds
213,Rawson,AR,-43.3002,-65.1023,81.09,23,0,3.02,clear sky
214,Moerai,PF,-22.4333,-151.3333,80.44,75,6,17.69,clear sky
215,Kodinsk,RU,58.6881,99.1844,6.8,98,100,2.68,light snow
216,Road Town,VG,18.4167,-64.6167,82.49,74,3,20.51,clear sky
217,Yeppoon,AU,-23.1333,150.7333,67.78,82,97,12.84,overcast clouds
218,Abu Samrah,SY,35.3029,37.1841,39.63,65,0,7.87,clear sky
219,Gombe,NG,10.2897,11.1673,84.43,12,81,9.75,broken clouds
220,Neiafu,TO,-18.65,-173.9833,79.48,89,75,0.0,broken clouds
221,Denpasar,ID,-8.65,115.2167,80.26,94,75,4.61,light rain
222,Berlevag,NO,70.8578,29.0864,30.15,69,0,23.02,clear sky
223,Cockburn Town,TC,21.4612,-71.1419,82.36,65,40,18.41,scattered clouds
224,Oxbow,CA,49.2333,-102.1676,34.65,89,100,17.11,overcast clouds
225,Laguna,US,38.421,-121.4238,69.3,62,0,10.36,clear sky
226,Marsa Matruh,EG,31.3525,27.2453,54.34,61,0,2.77,clear sky
227,Hoi An,VN,15.8794,108.335,75.16,92,23,6.38,few clouds
228,Cidreira,BR,-30.1811,-50.2056,72.72,79,100,16.2,overcast clouds
229,Aksu,CN,41.1231,80.2644,50.83,45,1,4.7,clear sky
230,Ginir,ET,7.1333,40.7,63.12,40,55,3.02,broken clouds
231,Dingle,PH,10.9995,122.6711,77.38,89,99,6.17,overcast clouds
232,Trieste,IT,45.6486,13.78,50.81,47,16,1.95,few clouds
233,Winnemucca,US,40.973,-117.7357,46.45,49,75,6.91,broken clouds
234,Callaway,US,30.153,-85.5699,72.97,71,20,9.22,few clouds
235,Amberley,US,39.2048,-84.428,70.36,34,0,8.05,clear sky
236,Biloela,AU,-24.4167,150.5,64.22,89,0,6.02,clear sky
237,Indramayu,ID,-6.3264,108.32,80.31,82,100,5.57,overcast clouds
238,Kortkeros,RU,61.8106,51.5806,15.8,94,100,6.29,overcast clouds
239,Blue Springs,US,39.0169,-94.2816,73.18,51,3,5.01,clear sky
240,Batemans Bay,AU,-35.7167,150.1833,66.09,95,86,3.62,overcast clouds
241,Beloha,MG,-25.1667,45.05,73.42,89,7,4.07,clear sky
242,Tuktoyaktuk,CA,69.4541,-133.0374,-15.38,91,25,13.71,scattered clouds
243,Mujiayingzi,CN,42.1167,118.7833,18.19,46,4,2.33,clear sky
244,Ketchikan,US,55.3422,-131.6461,44.58,87,100,25.32,light rain
245,Husavik,IS,66.0449,-17.3389,28.89,71,12,14.65,few clouds
246,Liyang,CN,29.7057,118.2862,68.36,89,100,1.61,light rain
247,Morton,US,46.7722,-101.2615,53.78,36,0,20.71,clear sky
248,Nouadhibou,MR,20.931,-17.0347,66.04,67,0,29.33,clear sky
249,Carroll,US,39.5501,-77.0164,72.64,31,51,8.01,broken clouds
250,Poum,NC,-20.2333,164.0167,78.21,89,100,13.91,moderate rain
251,La Rioja,ES,42.25,-2.5,47.98,98,100,8.12,light rain
252,Tura,IN,25.5198,90.2201,72.68,30,0,2.77,clear sky
253,Pimentel,PE,-6.8367,-79.9342,88.09,45,0,16.11,clear sky
254,Chokwe,MZ,-24.5333,32.9833,74.79,68,100,9.66,overcast clouds
255,Ulladulla,AU,-35.35,150.4667,65.77,93,92,3.85,overcast clouds
256,Vestmanna,FO,62.1564,-7.1664,40.12,70,75,14.97,light rain
257,Aklavik,CA,68.2191,-135.0107,-13.79,90,8,3.78,clear sky
258,Olafsvik,IS,64.8945,-23.7142,31.06,56,100,18.39,light snow
259,Cap-Aux-Meules,CA,47.3821,-61.8597,25.86,67,79,10.87,broken clouds
260,Talant,FR,47.3369,5.0089,53.94,82,0,3.44,clear sky
261,Bengkulu,ID,-3.8004,102.2655,77.29,86,100,3.98,light rain
262,Miles City,US,46.4083,-105.8406,52.77,40,0,19.57,clear sky
263,Kijang,KR,35.2442,129.2139,53.67,71,100,14.27,overcast clouds
264,Tiznit,MA,29.5833,-9.5,53.53,88,67,14.05,broken clouds
265,Lorengau,PG,-2.0226,147.2712,82.18,79,100,10.2,overcast clouds
266,Cayenne,GF,4.9333,-52.3333,82.09,1,100,13.8,light rain
267,Necochea,AR,-38.5473,-58.7368,87.85,37,1,12.62,clear sky
268,Northam,GB,51.0333,-4.2167,45.61,78,1,16.6,clear sky
269,Jutai,BR,-5.1833,-68.9,80.2,88,73,3.87,moderate rain
270,Inverell,AU,-29.7833,151.1167,57.67,94,0,1.99,clear sky
271,Bashmakovo,RU,53.2133,43.0342,14.56,88,96,15.97,overcast clouds
272,Yining,CN,29.0361,114.5636,68.32,95,100,2.37,light rain
273,Camacha,PT,33.0833,-16.3333,58.42,72,40,20.71,scattered clouds
274,Noyabrsk,RU,63.1994,75.4507,16.59,96,97,9.31,overcast clouds
275,Bogotol,RU,56.2078,89.5342,-2.29,100,100,6.42,overcast clouds
276,Birjand,IR,32.8663,59.2211,69.67,18,9,12.62,clear sky
277,Nioro,GM,13.35,-15.75,92.23,12,55,5.14,broken clouds
278,Khatanga,RU,71.9667,102.5,-20.67,94,76,8.05,broken clouds
279,Hillsborough,US,37.5741,-122.3794,68.0,62,20,6.91,few clouds
280,Sao Joao Da Barra,BR,-21.6403,-41.0511,86.09,76,0,17.47,clear sky
281,Mollendo,PE,-17.0231,-72.0147,74.03,75,35,9.44,scattered clouds
282,Anloga,GH,5.7947,0.8973,82.9,77,99,9.69,overcast clouds
283,Ambon,ID,-3.6954,128.1814,77.14,94,40,6.91,scattered clouds
284,Nishihara,JP,26.1842,127.7558,71.65,83,75,11.5,broken clouds
285,Kodiak,US,57.79,-152.4072,38.71,93,100,5.75,light rain
286,Acari,PE,-15.4311,-74.6158,83.89,53,1,11.43,clear sky
287,Ponta Do Sol,PT,32.6667,-17.1,64.71,67,41,5.68,scattered clouds
288,Mar Del Plata,AR,-38.0023,-57.5575,86.02,58,0,21.85,clear sky
289,Airai,TL,-8.9266,125.4092,59.92,93,30,1.03,scattered clouds
290,Parana,AR,-31.732,-60.5238,87.46,41,0,6.91,clear sky
291,Tezu,IN,27.9167,96.1667,72.28,35,55,4.47,broken clouds
292,Hope,US,33.6671,-93.5916,72.99,45,0,3.51,clear sky
293,Cacu,BR,-18.5567,-51.1308,81.97,72,100,2.46,light rain
294,Carnarvon,AU,-24.8667,113.6333,75.27,69,100,14.97,overcast clouds
295,Estelle,US,29.8458,-90.1067,69.8,62,100,6.91,overcast clouds
296,Vardo,NO,70.3705,31.1107,26.58,74,0,29.93,clear sky
297,Jambi,ID,-1.6,103.6167,74.95,98,91,0.45,overcast clouds
298,Kamenka,RU,51.3223,42.7678,20.25,91,100,14.81,overcast clouds
299,Mango,US,27.9797,-82.3065,80.96,75,100,6.91,light rain
300,Clearwater,US,27.9659,-82.8001,80.17,77,100,8.01,overcast clouds
301,Gamba,GA,-2.65,10.0,78.91,86,100,7.47,overcast clouds
302,Hasaki,JP,35.7333,140.8333,46.8,60,79,10.92,broken clouds
303,Codrington,AU,-38.2667,141.9667,65.5,90,63,8.59,broken clouds
304,Bom Sucesso,BR,-21.0331,-44.7581,79.99,64,56,6.06,broken clouds
305,Nadvoitsy,RU,63.8667,34.3167,24.94,96,31,5.57,scattered clouds
306,Khani,GE,41.9563,42.9566,24.37,98,100,3.98,snow
307,Mariestad,SE,58.7097,13.8237,36.37,80,93,4.9,overcast clouds
308,Portland,US,45.5234,-122.6762,55.09,67,75,5.75,broken clouds
309,Big Spring,US,32.2504,-101.4787,81.23,11,0,18.41,clear sky
310,Cherskiy,RU,68.75,161.3,-24.5,100,96,6.91,overcast clouds
311,Bambous Virieux,MU,-20.3428,57.7575,80.85,89,40,2.3,scattered clouds
312,Chongwe,ZM,-15.3292,28.682,66.58,92,100,1.23,overcast clouds
313,Kenai,US,60.5544,-151.2583,30.15,81,75,23.02,broken clouds
314,Vila Velha,BR,-20.3297,-40.2925,85.95,69,40,11.5,scattered clouds
315,Ternate,ID,0.8,127.4,80.29,81,92,3.76,light rain
316,Miguel Auza,MX,24.2933,-103.4503,77.47,12,5,13.71,clear sky
317,Villarrica,PY,-25.75,-56.4333,90.25,30,5,1.68,clear sky
318,Kimbe,PG,-5.5502,150.1429,77.22,89,100,2.3,overcast clouds
319,Vao,NC,-22.6667,167.4833,79.83,82,100,7.83,light rain
320,Saint-Augustin,CA,51.226,-58.6502,17.51,72,100,13.42,overcast clouds
321,Uusikaupunki,FI,60.8004,21.4084,28.78,91,0,7.11,clear sky
322,Mayo,US,38.8876,-76.5119,74.21,46,0,9.22,clear sky
323,Lianran,CN,24.9227,102.485,56.37,48,0,4.25,clear sky
324,Santa Isabel,BR,-23.3156,-46.2214,80.31,83,95,1.95,moderate rain
325,Chornoliztsi,UA,48.8303,24.8958,37.67,78,97,10.8,overcast clouds
326,Saint Anthony,US,45.0205,-93.218,56.86,50,0,8.05,clear sky
327,Trairi,BR,-3.2778,-39.2689,82.27,75,96,5.68,light rain
328,Teluk Nibung,ID,3.001,99.8164,75.96,92,100,4.76,light rain
329,Jumla,NP,29.2747,82.1838,48.49,38,0,4.41,clear sky
330,Twin Falls,US,42.3505,-114.6445,44.31,65,100,23.02,overcast clouds
331,Trois-Rivieres,CA,46.3501,-72.5491,34.93,99,98,11.25,overcast clouds
332,Greenfield,US,42.9614,-88.0126,68.02,45,75,23.02,broken clouds
333,Avinurme,EE,58.9822,26.8642,26.2,95,29,2.8,scattered clouds
334,Narsaq,GL,60.9167,-46.05,10.62,69,57,3.83,broken clouds
335,Nicoya,CR,10.1483,-85.452,96.49,32,13,7.92,few clouds
336,Melipilla,CL,-33.7,-71.2167,61.61,41,0,12.73,clear sky
337,Roald,NO,62.5833,6.1333,47.32,81,75,11.5,broken clouds
338,Vallenar,CL,-28.5708,-70.7581,84.27,31,100,11.01,overcast clouds
339,Rio Grande,BR,-32.035,-52.0986,79.95,67,28,18.07,scattered clouds
340,Lieto,FI,60.5103,22.4618,34.07,74,0,4.61,clear sky
341,Mahajanga,MG,-15.7167,46.3167,79.86,83,100,2.33,moderate rain
342,Verkhnyaya Inta,RU,65.9811,60.3094,20.57,95,98,11.63,overcast clouds
343,Batagay-Alyta,RU,67.8006,130.4114,-32.17,89,13,6.4,few clouds
344,Klaksvik,FO,62.2266,-6.589,41.92,75,93,26.51,light rain
345,Burgeo,CA,47.6167,-57.6152,22.59,63,100,4.54,overcast clouds
346,Yuzhno-Kurilsk,RU,44.0306,145.8556,29.59,97,100,5.59,overcast clouds
347,Baoqing,CN,46.3317,132.2111,15.46,78,0,9.69,clear sky
348,Raga,SS,8.4596,25.678,74.88,15,96,5.64,overcast clouds
349,Buchanan,LR,5.8808,-10.0467,80.91,80,89,8.23,overcast clouds
350,Hazorasp,UZ,41.3194,61.0742,33.64,81,100,10.31,overcast clouds
351,Kericho,KE,-0.3677,35.2831,60.66,73,99,2.46,overcast clouds
352,Binga,ZW,-17.6203,27.3414,75.74,81,100,4.0,overcast clouds
353,Magdalena,PH,14.1999,121.429,81.36,95,93,4.47,overcast clouds
354,Napanee,CA,44.2501,-76.9494,40.91,85,100,6.82,overcast clouds
355,Pisco,PE,-13.7,-76.2167,77.05,61,0,9.22,clear sky
356,Pokosnoye,RU,55.5258,101.0536,-8.45,100,100,1.59,overcast clouds
357,Robertsport,LR,6.7533,-11.3686,80.46,81,47,10.04,scattered clouds
358,Shalya,RU,57.2471,58.7298,0.55,98,11,2.33,few clouds
359,Dawei,MM,14.0833,98.2,76.89,92,69,2.26,light rain
360,Sao Filipe,CV,14.8961,-24.4956,70.39,74,17,12.46,few clouds
361,Zhigansk,RU,66.7697,123.3711,-18.2,100,97,7.54,overcast clouds
362,Batsfjord,NO,70.6345,29.7185,30.13,84,4,15.32,clear sky
363,Orangeburg,US,33.4918,-80.8557,63.72,91,100,12.66,thunderstorm with heavy rain
364,Yaan,NG,7.3833,8.5667,92.95,24,55,4.34,broken clouds
365,Kahului,US,20.8947,-156.47,80.62,61,20,8.01,few clouds
366,Yerbogachen,RU,61.2767,108.0108,-3.8,100,99,2.33,overcast clouds
367,Wanaka,NZ,-44.7,169.15,44.11,87,51,1.01,broken clouds
368,Arinos,BR,-15.9169,-46.1056,84.27,52,100,2.73,overcast clouds
369,Loubomo,CG,-4.1997,12.6739,74.08,96,100,3.56,overcast clouds
370,Sept-Iles,CA,50.2001,-66.3821,24.06,85,100,10.36,light snow
371,Skelleftea,SE,64.7507,20.9528,36.0,58,0,10.36,clear sky
372,Huarmey,PE,-10.0681,-78.1522,78.66,66,44,11.86,scattered clouds
373,Mersin,TR,36.862,34.6509,44.58,63,42,4.25,scattered clouds
374,Pafos,CY,34.7667,32.4167,46.18,66,20,5.75,few clouds
375,Marrakesh,MA,31.6315,-8.0083,57.27,67,75,8.05,broken clouds
376,Coquimbo,CL,-29.9533,-71.3436,67.73,68,0,14.97,clear sky
377,Banda Aceh,ID,5.5577,95.3222,77.95,84,100,7.99,light rain
378,Port Lincoln,AU,-34.7333,135.8667,65.55,83,91,7.18,overcast clouds
379,Lerwick,GB,60.1545,-1.1494,44.6,72,100,6.51,overcast clouds
380,Xai-Xai,MZ,-25.0519,33.6442,76.75,66,100,15.03,overcast clouds
381,Christchurch,NZ,-43.5333,172.6333,53.94,82,100,3.44,overcast clouds
382,Polunochnoye,RU,60.8697,60.4153,16.9,90,100,5.12,overcast clouds
383,Chegdomyn,RU,51.1167,133.0167,18.37,96,100,2.15,light snow
384,Wum,CM,6.3833,10.0667,76.87,30,100,2.26,overcast clouds
385,Along,IN,28.1667,94.7667,64.81,51,43,1.92,scattered clouds
386,Peterhead,GB,57.5058,-1.7981,40.66,88,100,7.31,overcast clouds
387,Olinda,BR,-8.0089,-34.8553,83.93,70,75,5.75,broken clouds
388,Kolondieba,ML,11.0882,-6.8926,89.06,39,95,4.12,light rain
389,Nelidovo,RU,56.2211,32.7774,23.16,89,11,4.0,few clouds
390,Mamlyutka,KZ,54.9375,68.5394,-7.64,100,81,4.5,broken clouds
391,Nizhnevartovsk,RU,60.9344,76.5531,19.42,93,100,8.99,light snow
392,Mokhotlong,LS,-29.2894,29.0675,52.3,87,83,6.06,light rain
393,Pemberton,CA,50.3164,-122.8027,43.45,91,98,3.47,overcast clouds
394,Adrar,MR,20.5022,-10.0711,70.0,22,0,9.6,clear sky
395,Deniliquin,AU,-35.5333,144.9667,63.66,76,100,5.55,overcast clouds
396,Rehli,IN,23.6333,79.0833,81.3,19,6,5.5,clear sky
397,Dolores,AR,-36.3132,-57.6792,85.46,36,2,12.3,clear sky
398,Pacific Grove,US,36.6177,-121.9166,65.59,74,0,8.99,clear sky
399,Ormara,PK,25.2088,64.6357,77.52,73,99,10.92,overcast clouds
400,Palauig,PH,15.435,119.9045,79.18,82,100,3.49,light rain
401,Safranbolu,TR,41.2508,32.6942,34.66,89,100,0.51,overcast clouds
402,Snasa,NO,64.2457,12.3778,40.41,90,100,5.21,overcast clouds
403,Hede,CN,33.7681,120.2517,45.48,85,100,23.51,light rain
404,Marienburg,PL,54.0359,19.0266,37.11,79,80,4.81,broken clouds
405,Vostok,RU,46.4856,135.8833,20.32,95,100,5.44,light snow
406,Pomezeu,RO,46.7833,22.2833,39.07,94,100,2.98,overcast clouds
407,Mandla,IN,22.6,80.3833,77.09,17,10,2.08,clear sky
408,Paramonga,PE,-10.6667,-77.8333,77.61,67,37,11.7,scattered clouds
409,Maarianhamina,AX,60.0973,19.9348,31.86,93,0,2.3,clear sky
410,Yar-Sale,RU,66.8333,70.8333,24.82,83,100,12.1,overcast clouds
411,Namatanai,PG,-3.6667,152.4333,78.71,82,51,7.54,broken clouds
412,Starogard Gdanski,PL,53.964,18.5264,36.1,100,16,6.51,few clouds
413,Lavrentiya,RU,65.5833,-171.0,-2.87,89,4,7.94,clear sky
414,Anito,PH,12.4497,125.2886,77.79,91,97,5.35,light rain
415,Hami,CN,42.8,93.45,46.9,38,100,10.58,overcast clouds
416,Bullhead City,US,35.1478,-114.5683,82.58,21,20,28.77,few clouds
417,Kirovsk,UA,48.6375,38.6428,17.96,83,8,9.84,clear sky
418,Catamarca,AR,-28.4696,-65.7852,91.78,31,11,4.0,few clouds
419,Vila Franca Do Campo,PT,37.7167,-25.4333,59.41,62,100,6.96,overcast clouds
420,Anastacio,BR,-20.4836,-55.8069,94.91,26,82,4.21,broken clouds
421,College,US,64.8569,-147.8028,13.98,65,75,6.91,broken clouds
422,Plettenberg Bay,ZA,-34.0527,23.3716,62.33,85,0,3.53,clear sky
423,Kamsack,CA,51.5667,-101.9009,33.89,100,100,10.29,overcast clouds
424,Borogontsy,RU,62.6683,131.1683,-9.35,99,100,3.11,overcast clouds
425,Manokwari,ID,-0.8667,134.0833,78.37,79,98,1.97,light rain
426,Mahibadhoo,MV,3.7833,72.9667,82.9,74,100,8.14,overcast clouds
427,Nuuk,GL,64.1835,-51.7216,2.01,85,75,2.3,light snow
428,Trojan,PL,53.7897,20.2404,41.65,77,19,6.08,few clouds
429,Bereda,ES,43.2686,-7.5406,46.58,96,98,7.11,overcast clouds
430,Quelimane,MZ,-17.8786,36.8883,75.36,95,100,4.54,overcast clouds
431,Haines Junction,CA,60.7522,-137.5108,33.26,90,77,3.91,broken clouds
432,Montevista,PH,7.6933,125.9889,72.97,96,91,3.31,overcast clouds
433,Myra,IT,45.4358,12.1348,54.46,78,27,5.91,scattered clouds
434,Marystown,CA,47.1666,-55.1483,30.85,100,100,1.01,overcast clouds
435,Aginskoye,RU,51.1,114.53,-5.73,90,11,2.59,few clouds
436,Peruibe,BR,-24.32,-46.9983,79.23,91,86,3.71,moderate rain
437,Egvekinot,RU,66.3167,-179.1667,-7.91,68,1,9.22,clear sky
438,Ayotzintepec,MX,17.6667,-96.1333,88.74,43,22,4.79,few clouds
439,Leningradskiy,RU,69.3833,178.4167,-14.3,96,89,8.21,overcast clouds
440,Oga,IT,46.4631,10.347,40.69,75,15,1.95,few clouds
441,Isoka,ZM,-10.1606,32.6335,65.03,93,100,1.7,light rain
442,Sistranda,NO,63.7256,8.834,46.36,73,100,0.85,overcast clouds
443,Atakpame,TG,7.5333,1.1333,85.44,51,100,5.39,light rain
444,Srednekolymsk,RU,67.45,153.6833,-24.92,100,39,1.77,scattered clouds
445,Port Blair,IN,11.6667,92.75,81.63,78,100,2.26,overcast clouds
446,Luoyang,CN,34.6836,112.4536,47.44,54,100,13.78,overcast clouds
447,Taoudenni,ML,22.6783,-3.9836,75.02,18,0,7.87,clear sky
448,Muroto,JP,33.2833,134.15,59.34,66,4,9.22,clear sky
449,Teya,RU,60.3778,92.6267,5.23,99,100,2.93,overcast clouds
450,Datong,CN,40.0936,113.2914,37.45,54,100,4.52,overcast clouds
451,Montevideo,UY,-34.8335,-56.1674,83.91,43,0,12.66,clear sky
452,Santa Fe,AR,-31.6333,-60.7,87.03,41,0,5.01,clear sky
453,Nadym,RU,65.5333,72.5167,21.47,93,98,13.67,overcast clouds
454,Maracaju,BR,-21.6144,-55.1683,88.54,34,14,3.04,few clouds
455,Neyshabur,IR,36.2133,58.7958,58.19,73,100,9.24,light rain
456,Weihai,CN,37.5017,122.1136,37.24,55,100,26.87,overcast clouds
457,Saint George,US,37.1041,-113.5841,68.79,33,0,5.01,clear sky
458,Fort Nelson,CA,58.8053,-122.7002,31.24,100,53,1.1,broken clouds
459,Smithers,CA,54.7804,-127.1743,38.12,76,100,2.53,overcast clouds
460,Colac,AU,-38.3333,143.5833,64.83,84,100,3.76,light rain
461,Auki,SB,-8.7676,160.7034,76.28,86,100,4.41,overcast clouds
462,Ryotsu,JP,38.0833,138.4333,45.05,78,100,15.14,overcast clouds
463,Tateyama,JP,34.9833,139.8667,51.1,87,100,9.71,overcast clouds
464,Cache Creek,CA,50.8101,-121.3246,46.9,68,72,4.25,broken clouds
465,Alta Floresta,BR,-9.8756,-56.0861,79.34,80,75,3.69,light rain
466,Brooks,CA,50.5834,-111.8851,48.04,41,37,5.64,scattered clouds
467,Chake Chake,TZ,-5.2459,39.7666,80.15,78,4,10.67,clear sky
468,Gravdal,NO,68.1214,13.5031,40.89,75,75,32.21,light intensity shower rain
469,Chernushka,RU,56.5072,56.0766,-2.16,100,16,4.54,few clouds
470,Mabaruma,GY,8.2,-59.7833,77.56,94,41,6.58,light rain
471,San Cristobal,VE,7.7669,-72.225,77.18,48,67,5.73,broken clouds
472,Fortuna,US,40.5982,-124.1573,53.92,81,75,8.05,broken clouds
473,Oro Valley,US,32.3909,-110.9665,82.8,11,0,5.99,clear sky
474,Baleshwar,IN,21.4942,86.9317,74.03,80,38,8.99,scattered clouds
475,Doha,QA,25.2867,51.5333,66.51,52,0,18.41,clear sky
476,Kulhudhuffushi,MV,6.6221,73.07,83.05,74,37,9.98,scattered clouds
477,Salalah,OM,17.0151,54.0924,78.89,78,0,2.3,clear sky
478,Buarcos,PT,40.166,-8.8768,57.67,80,99,26.71,overcast clouds
479,Asau,RO,46.4333,26.4,36.95,73,100,4.52,overcast clouds
480,Tonantins,BR,-2.8731,-67.8022,72.61,99,100,4.0,light rain
481,Mazamari,PE,-11.3258,-74.5308,78.19,79,95,1.63,light rain
482,Moba,CN,33.2288,105.0179,45.82,74,0,2.33,clear sky
483,San Carlos De Bariloche,AR,-41.1456,-71.3082,65.95,32,40,31.07,scattered clouds
484,Bubaque,GW,11.2833,-15.8333,76.03,70,94,15.61,overcast clouds
485,Norman Wells,CA,65.282,-126.8329,-3.96,65,75,3.44,broken clouds
486,Honningsvag,NO,70.9821,25.9704,29.95,74,0,28.77,clear sky
487,Sibi,PK,29.5448,67.8764,91.35,15,10,5.79,clear sky
488,Vila Do Maio,CV,15.1333,-23.2167,70.59,73,52,19.8,broken clouds
489,Clocolan,ZA,-28.9137,27.5656,60.6,53,55,3.65,broken clouds
490,Sidrolandia,BR,-20.9319,-54.9614,90.18,32,38,6.6,scattered clouds
491,Port Keats,AU,-14.25,129.55,80.22,82,81,2.91,broken clouds
492,Nazca,PE,-14.8333,-74.95,86.94,40,10,8.14,clear sky
493,Baglung,NP,28.2719,83.5898,63.16,43,0,5.77,clear sky
494,Aquiraz,BR,-3.9014,-38.3911,84.06,74,100,6.6,overcast clouds
495,Lewistown,US,40.5992,-77.5714,72.19,63,0,12.66,clear sky
496,Magadan,RU,59.5667,150.8,7.09,80,100,5.77,overcast clouds
497,Kavaratti,IN,10.5669,72.642,83.46,68,7,9.78,clear sky
498,Waw,SS,7.7029,27.9953,85.06,12,97,6.35,overcast clouds
499,Katsuura,JP,35.1333,140.3,48.22,84,75,9.8,broken clouds
500,Acapulco,MX,16.8634,-99.8901,82.22,69,0,11.5,clear sky
501,Olga,RU,43.7444,135.2892,28.54,72,100,10.76,overcast clouds
502,Sinazongwe,ZM,-17.2614,27.4618,78.62,75,96,5.64,overcast clouds
503,Rajaldesar,IN,28.0333,74.4667,84.47,16,52,5.08,broken clouds
504,Nelson Bay,AU,-32.7167,152.15,69.01,97,30,1.01,scattered clouds
505,Monrovia,LR,6.3005,-10.7969,80.33,80,10,10.29,clear sky
506,Pavullo Nel Frignano,IT,44.3315,10.835,50.34,84,100,1.34,overcast clouds
507,Awjilah,LY,29.1081,21.2869,58.32,32,0,9.51,clear sky
508,Tuymazy,RU,54.6067,53.7097,-3.08,100,45,2.73,scattered clouds
509,Emporia,US,38.4039,-96.1817,73.6,31,4,24.16,clear sky
510,Tanout,NE,14.9709,8.8879,77.45,10,4,11.54,clear sky
511,Maldonado,UY,-34.6667,-54.9167,85.39,26,0,9.46,clear sky
512,Talnakh,RU,69.4865,88.3972,-10.25,92,99,5.55,overcast clouds
513,Te Anau,NZ,-45.4167,167.7167,44.01,96,33,1.36,scattered clouds
514,Dhemaji,IN,27.4833,94.5833,71.47,34,98,3.49,overcast clouds
515,Alihe,CN,50.5667,123.7167,5.22,71,1,11.41,clear sky
516,Srandakan,ID,-7.9386,110.2506,75.88,90,100,3.51,light rain
517,Sarankhola,BD,22.3082,89.7897,73.47,76,97,4.12,overcast clouds
518,Arman,RU,59.7,150.1667,5.07,81,32,6.89,scattered clouds
519,Cacapava Do Sul,BR,-30.5122,-53.4914,81.28,48,92,8.5,overcast clouds
520,Warangal,IN,18.0,79.5833,83.71,18,100,2.91,overcast clouds
521,Manaure,CO,11.7751,-72.4445,89.62,47,5,17.69,clear sky
522,Dandong,CN,40.1292,124.3947,30.0,45,41,15.5,scattered clouds
523,Kilindoni,TZ,-7.9139,39.6668,82.02,75,11,14.41,few clouds
524,Kununurra,AU,-15.7667,128.7333,80.58,94,26,3.44,scattered clouds
525,Sobolevo,RU,54.4299,31.8996,15.49,94,86,4.14,overcast clouds
526,Miri,MY,4.4148,114.0089,79.34,84,100,0.78,overcast clouds
527,Toamasina,MG,-18.1667,49.3833,78.03,88,92,0.4,light rain
528,Kalnciems,LV,56.8011,23.6097,35.65,81,7,5.32,clear sky
529,Zaraza,VE,9.3503,-65.3245,87.73,47,100,7.9,overcast clouds
530,Svetlaya,RU,46.5389,138.3297,24.84,88,100,7.38,overcast clouds
531,Kieta,PG,-6.2167,155.6333,78.87,84,93,2.3,overcast clouds
532,Iracoubo,GF,5.4802,-53.2011,78.57,85,99,13.35,light rain
533,Madingou,CG,-4.1536,13.55,74.89,94,100,0.94,overcast clouds
534,Sorong,ID,-0.8833,131.25,79.25,85,14,7.83,few clouds
535,Leh,IN,34.1667,77.5833,16.0,59,1,3.42,clear sky
536,Luganville,VU,-15.5333,167.1667,78.39,83,97,2.89,overcast clouds
537,Port Hedland,AU,-20.3167,118.5667,84.25,79,55,4.61,broken clouds
538,Plainfield,US,40.6168,-74.4173,71.91,44,0,12.66,clear sky
539,Gulu,UG,2.7746,32.299,79.54,31,97,3.98,overcast clouds
540,Sarmanovo,RU,55.2553,52.5891,9.28,100,68,4.03,broken clouds
541,Pervomayskiy,RU,53.2485,40.2871,14.36,89,27,12.53,scattered clouds
542,Honiara,SB,-9.4333,159.95,76.55,84,100,2.68,overcast clouds
543,Pinega,RU,64.7001,43.3936,30.16,92,100,5.73,overcast clouds
544,Camopi,GF,3.1655,-52.3158,78.21,95,100,4.03,moderate rain
545,Bela Cruz,BR,-3.0506,-40.1678,79.95,85,100,5.64,light rain
546,Mitsamiouli,KM,-11.3847,43.2844,82.38,75,84,7.87,broken clouds
547,Porbandar,IN,21.6422,69.6093,77.77,67,5,9.6,clear sky
548,Gazanjyk,TM,39.2446,55.5154,44.11,87,100,3.96,overcast clouds
549,Awbari,LY,26.5921,12.7805,62.6,16,0,14.09,clear sky
550,Chinhoyi,ZW,-17.3667,30.2,66.58,95,100,4.27,moderate rain
551,Axim,GH,4.8699,-2.2405,80.22,83,45,7.25,scattered clouds
552,Koungheul,SN,13.9833,-14.8,92.08,11,8,7.45,clear sky
553,Kudahuvadhoo,MV,2.6708,72.8944,82.78,74,95,7.58,overcast clouds
554,Ust-Uda,RU,54.1742,103.0304,-8.19,100,100,2.39,overcast clouds
555,Cascais,PT,38.6979,-9.4215,58.51,72,75,32.01,broken clouds
556,Hailar,CN,49.2,119.7,-8.57,90,4,7.0,clear sky
557,Sabha,LY,27.0377,14.4283,59.32,21,0,13.06,clear sky
558,Slave Lake,CA,55.2834,-114.769,39.6,77,14,11.9,few clouds
559,Pandan,PH,14.0453,124.1694,78.51,89,74,6.15,light rain
560,Sanbu,CN,33.4594,119.1453,46.31,75,100,23.4,overcast clouds
561,Sunndalsora,NO,62.6754,8.5515,39.65,79,100,12.33,overcast clouds
562,West Wendover,US,40.7391,-114.0733,51.01,35,75,10.36,broken clouds
563,Kizema,RU,61.113,44.8302,17.53,95,100,3.94,overcast clouds
564,Margate,GB,51.3813,1.3862,52.88,85,100,5.01,overcast clouds
565,Nizhnyaya Poyma,RU,56.1622,97.1933,-1.39,99,100,2.75,overcast clouds
566,Westlock,CA,54.1502,-113.8688,34.88,90,10,11.25,clear sky
567,Niort,FR,46.3333,-0.3333,55.71,90,100,1.01,overcast clouds
568,Bayshore Gardens,US,27.4253,-82.5904,78.04,75,100,6.91,heavy intensity rain
569,Erdaojiang,CN,41.7764,126.0319,20.23,58,1,4.7,clear sky
570,Koslan,RU,63.4564,48.8989,21.85,94,100,7.16,overcast clouds
571,Riyadh,SA,24.6877,46.7219,55.54,33,100,20.45,overcast clouds
572,Villagomez,CO,5.2737,-74.1961,69.75,84,66,1.41,light rain
573,Formosa,AR,-26.1775,-58.1781,93.18,27,20,8.05,few clouds
574,The Valley,AI,18.217,-63.0578,84.06,65,40,16.11,scattered clouds
575,Bahia Blanca,AR,-38.7196,-62.2724,93.61,25,0,16.28,clear sky
576,Kingsville,US,27.5159,-97.8561,82.81,30,20,12.66,smoke
577,Gombong,ID,-7.6072,109.5142,75.81,94,100,2.64,overcast clouds
578,Palmer,US,42.1584,-72.3287,61.92,42,20,3.44,few clouds
579,Kirakira,SB,-10.4544,161.9205,79.83,82,100,2.15,overcast clouds
580,Nurota,UZ,40.5614,65.6886,49.19,97,100,3.58,overcast clouds
581,Nyurba,RU,63.2842,118.3319,-22.22,100,82,1.83,broken clouds
582,Barcelona,ES,41.3888,2.159,60.55,75,40,23.02,scattered clouds
583,Medvedka,RU,61.1629,46.387,16.14,94,100,4.09,overcast clouds
584,Kenora,CA,49.8167,-94.4337,35.58,100,100,5.37,overcast clouds
585,Eureka,US,40.8021,-124.1637,56.57,82,7,3.0,clear sky
586,Dourbali,TD,11.8091,15.8632,80.83,11,17,11.39,few clouds
587,Makakilo City,US,21.3469,-158.0858,80.92,66,100,3.44,overcast clouds
588,Ulagan,RU,50.6321,87.9563,3.96,99,100,1.07,overcast clouds
589,Santa Cruz De La Palma,ES,28.6835,-17.7642,66.34,63,40,19.57,scattered clouds
590,San Antonio,US,29.4241,-98.4936,83.07,25,0,12.66,clear sky
591,Verkhoyansk,RU,67.5447,133.385,-32.31,100,36,2.98,scattered clouds
592,Quatre Cocos,MU,-20.2078,57.7625,80.71,88,48,5.5,scattered clouds
593,Tabou,CI,4.423,-7.3528,80.31,83,53,5.41,broken clouds
594,Zhangye,CN,38.9342,100.4517,39.69,64,78,4.18,broken clouds
595,Corn Island,NI,12.1694,-83.0418,80.58,75,8,17.31,light rain
596,Niksar,TR,40.5917,36.9517,28.89,87,74,5.37,broken clouds
597,Aiken,US,33.5835,-81.5998,68.11,96,100,5.75,light rain
598,Gat,IL,31.61,34.7642,50.68,100,18,3.29,few clouds
599,Tautira,PF,-17.7333,-149.15,80.8,67,92,2.28,overcast clouds
600,Altay,CN,47.8667,88.1167,20.08,73,97,6.38,overcast clouds
601,Inhambane,MZ,-23.865,35.3833,76.98,94,40,9.22,moderate rain
602,Sao Miguel Do Araguaia,BR,-13.275,-50.1628,81.97,72,82,3.65,light rain
603,Greytown,ZA,-29.0642,30.5928,57.88,99,100,2.64,light rain
604,Nukus,UZ,42.4531,59.6103,33.78,93,100,6.91,overcast clouds
605,Barabai,ID,-2.5833,115.3833,72.93,96,31,1.05,scattered clouds
606,Kawalu,ID,-7.3817,108.2082,73.42,94,100,1.1,overcast clouds
607,Kasane,BW,-17.8167,25.15,67.86,93,84,2.08,broken clouds
608,Caborca,MX,30.5838,-111.101,81.55,8,0,11.01,clear sky
609,Ilheus,BR,-14.7889,-39.0494,83.71,65,77,6.78,broken clouds
610,Guerande,FR,47.3291,-2.4283,51.22,83,100,14.63,overcast clouds
611,Alyangula,AU,-13.8483,136.4192,81.93,78,27,7.45,scattered clouds
612,Astorga,BR,-23.2325,-51.6656,77.92,77,87,3.91,light rain
613,Shaoxing,CN,30.011,120.5715,71.55,81,100,6.62,overcast clouds
614,Grindavik,IS,63.8424,-22.4338,28.87,80,75,13.8,light snow
615,Fairlie,GB,55.756,-4.8556,44.4,80,3,5.5,clear sky
616,Montbrison,FR,45.6667,4.0833,55.74,73,100,2.3,overcast clouds
617,La Orilla,MX,17.9833,-102.2333,84.43,48,0,11.36,clear sky
618,Gossas,SN,14.4912,-16.0642,89.35,11,6,8.77,clear sky
619,Port Hardy,CA,50.6996,-127.4199,45.43,79,100,14.07,overcast clouds
620,Villa Carlos Paz,AR,-31.4241,-64.4978,90.05,43,100,4.0,overcast clouds
621,Siguiri,GN,11.6667,-9.5,93.92,22,100,2.53,overcast clouds
622,Cedar City,US,37.6775,-113.0619,43.77,76,75,6.91,broken clouds
623,Sandpoint,US,48.2766,-116.5533,45.05,61,75,9.22,broken clouds
624,Faya,SA,18.3851,42.4509,55.92,77,8,0.94,clear sky
625,Barra,BR,-11.0894,-43.1417,84.87,54,80,4.38,broken clouds
626,Dillon,US,34.4166,-79.3712,68.95,82,99,14.23,light rain
627,Mwinilunga,ZM,-11.7358,24.4293,65.19,94,100,2.33,light rain
628,Japura,ID,-0.3167,102.35,74.16,97,100,1.19,overcast clouds
629,Grand-Santi,GF,4.25,-54.3833,80.4,92,77,4.18,light rain
630,Vokhtoga,RU,58.8147,41.0461,8.91,96,47,0.98,scattered clouds
631,Pont-Rouge,CA,46.7566,-71.6978,32.85,100,100,8.21,overcast clouds
632,Silca,HN,14.8333,-86.5333,86.77,34,55,4.47,broken clouds
633,Escanaba,US,45.7453,-87.0646,43.97,86,0,9.22,clear sky
634,Prosvet,RU,55.5703,65.0825,-5.51,100,82,3.58,broken clouds
635,Ballina,AU,-28.8667,153.5667,68.02,99,73,9.35,light rain
636,Bolu,TR,40.6667,31.5833,30.25,87,100,2.57,overcast clouds
637,Kaeo,NZ,-35.1,173.7833,63.32,92,98,6.98,overcast clouds
638,Mankapur,IN,27.0333,82.2333,73.92,36,5,7.31,clear sky
639,Broken Hill,AU,-31.95,141.4333,72.16,68,100,5.73,overcast clouds
640,Cahul,MD,45.9075,28.1944,35.47,57,100,12.55,overcast clouds
641,Chimoio,MZ,-19.1164,33.4833,71.46,100,75,8.99,broken clouds
642,Minot,US,48.2325,-101.2963,41.22,81,100,19.57,overcast clouds
643,Muravlenko,RU,63.7898,74.523,15.22,96,97,11.16,overcast clouds
644,Marsh Harbour,BS,26.5412,-77.0636,78.04,74,1,15.66,light rain
645,Garissa,KE,-0.4536,39.6401,87.84,44,99,18.14,overcast clouds
646,Tocopilla,CL,-22.092,-70.1979,73.13,73,22,9.13,few clouds
647,Marsala,IT,37.7966,12.4352,57.88,81,100,18.16,overcast clouds
648,Entre Rios,BR,-11.9419,-38.0844,85.44,57,47,9.71,scattered clouds
649,Salinopolis,BR,-0.6136,-47.3561,78.6,83,100,8.55,overcast clouds
650,Bima,ID,-8.4667,118.7167,76.71,95,17,3.42,few clouds
651,Hobyo,SO,5.3505,48.5268,78.8,73,11,12.44,few clouds
652,Watertown,US,42.3709,-71.1828,59.41,56,0,5.75,clear sky
653,Juventino Rosas,MX,20.65,-101.0,81.68,23,0,8.75,clear sky
654,Uthal,PK,25.8072,66.6219,78.24,62,9,5.32,clear sky
655,Kyshtovka,RU,56.555,76.6271,7.43,96,85,8.08,overcast clouds
656,Kostino,RU,58.9097,53.2691,3.88,99,99,1.79,overcast clouds
657,Kidal,ML,18.4411,1.4078,87.78,10,82,5.39,broken clouds
658,Bitung,ID,1.4451,125.1824,76.05,82,89,4.79,light rain
659,Bozova,TR,37.3625,38.5267,36.52,57,0,4.74,clear sky
660,Waingapu,ID,-9.6567,120.2641,78.3,83,92,3.98,overcast clouds
661,Pemangkat,ID,1.1667,108.9667,79.68,82,99,5.37,overcast clouds
662,Banepa,NP,27.6298,85.5214,62.92,88,20,3.44,few clouds
663,Redmond,US,47.674,-122.1215,52.09,78,92,5.99,overcast clouds
664,Beaverlodge,CA,55.2166,-119.4361,40.44,57,9,17.78,clear sky
665,Hualmay,PE,-11.0964,-77.6139,78.22,65,50,11.63,scattered clouds
666,Sahuaripa,MX,29.05,-109.2333,88.3,7,0,6.67,clear sky
667,Millau,FR,44.0833,2.9167,51.93,92,100,4.12,overcast clouds
668,Beyneu,KZ,45.3167,55.2,32.04,90,99,11.25,overcast clouds
669,Westport,US,41.1415,-73.3579,66.43,62,0,8.05,clear sky
670,Manicore,BR,-5.8092,-61.3003,81.23,90,97,3.02,moderate rain
